제목,지은이,권수
미움받을 용기,기시미 이치로,5
아몬드,손원평,4
불편한 편의점,김호연,5
달러구트 꿈 백화점,이미예,3
파친코 1,이민진,2
7년의 밤,정유정,2
종의 기원,정유정,2
작별인사,김영하,3
시선으로부터,정세랑,2
보건교사 안은영,정세랑,2
채식주의자,한강,4
소년이 온다,한강,4
작별하지 않는다,한강,3
나미야 잡화점의 기적,히가시노 게이고,3
노르웨이의 숲,무라카미 하루키,2
데미안,헤르만 헤세,3
어린 왕자,생텍쥐페리,5
1984,조지 오웰,3
위대한 개츠비,스콧 피츠제럴드,2
이방인,알베르 카뮈,2
노인과 바다,헤밍웨이,2
변신,프란츠 카프카,2
죽음의 수용소에서,빅터 프랭클,3
정의란 무엇인가,마이클 샌델,4
사피엔스,유발 하라리,5
총 균 쇠,재레드 다이아몬드,3
코스모스,칼 세이건,4
이기적 유전자,리처드 도킨스,2
물고기는 존재하지 않는다,룰루 밀러,3
다정한 것이 살아남는다,브라이언 헤어,2
팩트풀니스,한스 로슬링,3
넛지,리처드 탈러,2
클루지,개리 마커스,2
아주 작은 습관의 힘,제임스 클리어,5
마인드셋,캐롤 드웩,2
그릿,앤절라 더크워스,2
원씽,게리 켈러,2
역행자,자청,4
세이노의 가르침,세이노,6
부의 추월차선,엠제이 드마코,3
12가지 인생의 법칙,조던 피터슨,2
시대예보 핵개인의 시대,송길영,3
트렌드 코리아 2026,김난도,4
하얼빈,김훈,3
파견자들,김초엽,3
지구 끝의 온실,김초엽,2
달러구트꿈백화점2,,2
세이노 가르침,,3
강아지똥,권정생,4
구름빵,백희나,5
알사탕,백희나,4
존재하지않는책ZZ2026상반기신간,,1
절대없는도서QQ테스트목록,,1
